{
  "conversation": [
    {
      "sender": "admin",
      "message": "Hello, this is Linda the Hepatology Clinic admin desk. Can I help you today?"
    },
    {
      "sender": "patient",
      "message": "Hi, yes. I want to do a clinic visit."
    },
    {
      "sender": "admin",
      "message": "Of course. Have you already booked an appointment with us?"
    },
    {
      "sender": "patient",
      "message": "Yes, I already booked it."
    },
    {
      "sender": "admin",
      "message": "Great. Could you please upload the NHS App screenshot of your booked appointment for verification?"
    },
    {
      "sender": "patient",
      "attachment" : ["nhs_screenshot.png"],
      "message": ""
    },
    {
      "sender": "admin",
      "message": "Thank you, I've received the screenshot. Before we proceed, I need to confirm some basic information. Can you please provide your full name as registered in the NHS?"
    },
    {
      "sender": "patient",
      "message": "Marcus Elias Thorne."
    },
    {
      "sender": "admin",
      "message": "Thank you. And your date of birth?"
    },
    {
      "sender": "patient",
      "message": "14 August 1978."
    },
    {
      "sender": "admin",
      "message": "Got it. Can you also confirm your current home address?"
    },
    {
      "sender": "patient",
      "message": "402 Industrial Pkwy, Apt 4B, Detroit, MI."
    },
    {
      "sender": "admin",
      "message": "Thank you. Could you please confirm your emergency contact or next of kin?"
    },
    {
      "sender": "patient",
      "message": "My sister, Janice Thorne. 313-555-0199."
    },
    {
      "sender": "admin",
      "message": "Perfect, thank you. Now I will ask a few medical questions for your pre-consultation. What symptoms made you book the hepatology appointment?"
    },
    {
      "sender": "patient",
      "message": "My wife noticed my eyes were yellow and I've been itching a lot."
    },
    {
      "sender": "admin",
      "message": "Understood. When did these symptoms begin?"
    },
    {
      "sender": "patient",
      "message": "About two weeks ago."
    },
    {
      "sender": "admin",
      "message": "Have you experienced other symptoms such as abdominal pain, nausea, vomiting, dark urine, pale stools, or fever?"
    },
    {
      "sender": "patient",
      "message": "Yeah, nausea and dark urine. No fever."
    },
    {
      "sender": "admin",
      "message": "Noted. Do you have any known liver conditions or any recent medical issues?"
    },
    {
      "sender": "patient",
      "message": "I had a dental abscess recently."
    },
    {
      "sender": "admin",
      "message": "Were you prescribed any antibiotics or medications for it?"
    },
    {
      "sender": "patient",
      "message": "Yes, Augmentin for 10 days."
    },
    {
      "sender": "admin",
      "message": "Thank you. Are you taking any other medications regularly, including Tylenol or painkillers?"
    },
    {
      "sender": "patient",
      "message": "I’ve taken Tylenol PM and Extra Strength Tylenol quite a lot."
    },
    {
      "sender": "admin",
      "message": "Thank you for the information. Do you consume alcohol, and if so, how often?"
    },
    {
      "sender": "patient",
      "message": "Just 1 or 2 drinks on weekends."
    },
    {
      "sender": "admin",
      "message": "Thank you. Do you have any recent lab results from the urgent care visit or any previous provider?"
    },
    {
      "sender": "patient",
      "message": "Yes, I have some."
    },
    {
      "sender": "admin",
      "message": "Great. Could you please upload the lab result documents here?"
    },
    {
      "sender": "patient",
      "attachment" : ["lab1.png","lab2.png"],
      "message": ""
    },
    {
      "sender": "admin",
      "message": "Received, thank you. Do you also have any recent imaging reports? For example, ultrasound, CT, or MRI?"
    },
    {
      "sender": "patient",
      "message": "Yes, I also have an ultrasound report."
    },
    {
      "sender": "admin",
      "message": "Please upload the imaging document as well."
    },
    {
      "sender": "patient",
      "attachment" : ["radiology.png"],
      "message": ""
    },
    {
      "sender": "admin",
      "message": "Thank you, the documents have been received and added to your file. That concludes the pre-consultation interview. Your appointment on 10 December 2025 is confirmed. If your symptoms worsen, please seek urgent care. Have a good day!"
    },
    {
      "sender": "patient",
      "message": "Thank you very much."
    }
  ]
}
